{
  "n": 2000,
  "latency_ms": {
    "p50": 5928.719999999996,
    "p95": 15896.719999999987,
    "p99": 17296.719999999987,
    "mean": 6696.855506666661
  },
  "ttft_ms": {
    "p50": 5158.719999999996,
    "p95": 15126.719999999987,
    "p99": 16526.719999999987,
    "mean": 5926.855506666661
  },
  "decomposition_ms_mean": {
    "routing": 0.22,
    "queueing": 5855.898946666662,
    "compute_prefill": 60.236560000000004,
    "compute_decode": 770.0,
    "network": 10.5,
    "kv_transport": 0.24346491008
  },
  "kv": {
    "transport_bytes_total": 5874122752,
    "reuse_available_blocks": 58573,
    "reuse_captured_blocks": 58246,
    "capture_rate_micro": 0.994417222952555,
    "capture_rate_macro": 0.9910076466702524,
    "capture_rate": 0.994417222952555,
    "hit_rate": 0.582
  },
  "load": {
    "per_pod_busy_ms": {
      "p0": 400056.5599999997,
      "p1": 465614.6000000003,
      "p2": 375938.5599999998,
      "p3": 418863.4000000001
    },
    "skew": 0.21602527356781423
  },
  "migrations": 0
}