{
  "n": 2000,
  "latency_ms": {
    "p50": 6512.719999999995,
    "p95": 16008.719999999987,
    "p99": 17344.719999999987,
    "mean": 7084.419202812582
  },
  "ttft_ms": {
    "p50": 5742.719999999995,
    "p95": 15238.719999999987,
    "p99": 16574.719999999987,
    "mean": 6314.419202812582
  },
  "decomposition_ms_mean": {
    "routing": 0.22,
    "queueing": 6239.786466666661,
    "compute_prefill": 63.6708,
    "compute_decode": 770.0,
    "network": 10.5,
    "kv_transport": 2.53652324608
  },
  "kv": {
    "transport_bytes_total": 55626956800,
    "reuse_available_blocks": 54175,
    "reuse_captured_blocks": 52880,
    "capture_rate_micro": 0.9760959852330411,
    "capture_rate_macro": 0.9701818900369408,
    "capture_rate": 0.9760959852330411,
    "hit_rate": 0.539
  },
  "load": {
    "per_pod_busy_ms": {
      "p0": 419199.0799999995,
      "p1": 410464.95999999996,
      "p2": 427101.71999999986,
      "p3": 410575.8400000002
    },
    "skew": 0.03991206121169147
  },
  "migrations": 0
}