{
  "n": 2000,
  "latency_ms": {
    "p50": 4696.719999999997,
    "p95": 15376.719999999987,
    "p99": 17152.719999999987,
    "mean": 5659.870232593916
  },
  "ttft_ms": {
    "p50": 3926.7199999999966,
    "p95": 14606.719999999987,
    "p99": 16382.719999999985,
    "mean": 4889.870232593916
  },
  "decomposition_ms_mean": {
    "routing": 0.22,
    "queueing": 4829.453599999996,
    "compute_prefill": 49.5204,
    "compute_decode": 770.0,
    "network": 10.5,
    "kv_transport": 1.6461824191999999
  },
  "kv": {
    "transport_bytes_total": 37104910336,
    "reuse_available_blocks": 75566,
    "reuse_captured_blocks": 74990,
    "capture_rate_micro": 0.9923775242834079,
    "capture_rate_macro": 0.9910149810815679,
    "capture_rate": 0.9923775242834079,
    "hit_rate": 0.718
  },
  "load": {
    "per_pod_busy_ms": {
      "p0": 209534.2000000001,
      "p1": 304617.48000000004,
      "p2": 967654.3599999999,
      "p3": 157234.75999999992
    },
    "skew": 1.9777899366507534
  },
  "migrations": 0
}