{
  "n": 2000,
  "latency_ms": {
    "p50": 7064.719999999996,
    "p95": 16336.719999999987,
    "p99": 17424.719999999987,
    "mean": 7632.013652538021
  },
  "ttft_ms": {
    "p50": 6294.719999999996,
    "p95": 15566.719999999987,
    "p99": 16654.719999999987,
    "mean": 6862.013652538021
  },
  "decomposition_ms_mean": {
    "routing": 0.22,
    "queueing": 6781.086226666661,
    "compute_prefill": 69.642,
    "compute_decode": 770.0,
    "network": 10.5,
    "kv_transport": 11.50349788032
  },
  "kv": {
    "transport_bytes_total": 235139104768,
    "reuse_available_blocks": 43727,
    "reuse_captured_blocks": 43550,
    "capture_rate_micro": 0.9959521577057653,
    "capture_rate_macro": 0.9920454545454546,
    "capture_rate": 0.9959521577057653,
    "hit_rate": 0.4365
  },
  "load": {
    "per_pod_busy_ms": {
      "p0": 422161.4799999997,
      "p1": 414150.8799999997,
      "p2": 422396.07999999996,
      "p3": 420575.56
    },
    "skew": 0.019639798866660427
  },
  "migrations": 1536
}