{
  "n": 2000,
  "latency_ms": {
    "p50": 4176.7199999999975,
    "p95": 15120.719999999987,
    "p99": 17104.719999999987,
    "mean": 5278.802044171516
  },
  "ttft_ms": {
    "p50": 3406.719999999997,
    "p95": 14350.719999999987,
    "p99": 16334.719999999987,
    "mean": 4508.802044171516
  },
  "decomposition_ms_mean": {
    "routing": 0.22,
    "queueing": 4448.9125799999965,
    "compute_prefill": 49.02632,
    "compute_decode": 770.0,
    "network": 10.5,
    "kv_transport": 1.65644496384
  },
  "kv": {
    "transport_bytes_total": 38912655360,
    "reuse_available_blocks": 76374,
    "reuse_captured_blocks": 75762,
    "capture_rate_micro": 0.9919868017911855,
    "capture_rate_macro": 0.9912722570318075,
    "capture_rate": 0.9919868017911855,
    "hit_rate": 0.7315
  },
  "load": {
    "per_pod_busy_ms": {
      "p0": 123309.48000000003,
      "p1": 515776.1599999995,
      "p2": 287488.2800000001,
      "p3": 711478.72
    },
    "skew": 1.4362645635124403
  },
  "migrations": 0
}