{
  "n": 2000,
  "latency_ms": {
    "p50": 4376.7199999999975,
    "p95": 15040.719999999987,
    "p99": 17048.719999999987,
    "mean": 5395.334609042769
  },
  "ttft_ms": {
    "p50": 3606.719999999997,
    "p95": 14270.719999999987,
    "p99": 16278.719999999987,
    "mean": 4625.334609042769
  },
  "decomposition_ms_mean": {
    "routing": 0.22,
    "queueing": 4567.58025333333,
    "compute_prefill": 47.03208,
    "compute_decode": 770.0,
    "network": 10.5,
    "kv_transport": 0.18816502144
  },
  "kv": {
    "transport_bytes_total": 4546625536,
    "reuse_available_blocks": 79211,
    "reuse_captured_blocks": 78878,
    "capture_rate_micro": 0.9957960384290061,
    "capture_rate_macro": 0.990771019547998,
    "capture_rate": 0.9957960384290061,
    "hit_rate": 0.7575
  },
  "load": {
    "per_pod_busy_ms": {
      "p0": 429332.8400000002,
      "p1": 417940.32,
      "p2": 401579.55999999965,
      "p3": 385211.4399999998
    },
    "skew": 0.10800408228768785
  },
  "migrations": 0
}