{
  "n": 2000,
  "latency_ms": {
    "p50": 4728.7199999999975,
    "p95": 15256.719999999987,
    "p99": 17096.719999999987,
    "mean": 5665.924889280849
  },
  "ttft_ms": {
    "p50": 3958.719999999997,
    "p95": 14486.719999999987,
    "p99": 16326.719999999985,
    "mean": 4895.924889280849
  },
  "decomposition_ms_mean": {
    "routing": 0.22,
    "queueing": 4835.672333333329,
    "compute_prefill": 49.354,
    "compute_decode": 770.0,
    "network": 10.5,
    "kv_transport": 1.84891802368
  },
  "kv": {
    "transport_bytes_total": 40993030144,
    "reuse_available_blocks": 76086,
    "reuse_captured_blocks": 75250,
    "capture_rate_micro": 0.9890124332991614,
    "capture_rate_macro": 0.9893676401251236,
    "capture_rate": 0.9890124332991614,
    "hit_rate": 0.7275
  },
  "load": {
    "per_pod_busy_ms": {
      "p0": 411050.0799999999,
      "p1": 416390.6399999999,
      "p2": 418524.87999999966,
      "p3": 392742.39999999997
    },
    "skew": 0.06293367701872377
  },
  "migrations": 0
}