{
  "n": 2000,
  "latency_ms": {
    "p50": 3304.7199999999975,
    "p95": 12784.71999999999,
    "p99": 16512.719999999987,
    "mean": 4537.813928462503
  },
  "ttft_ms": {
    "p50": 2534.7199999999975,
    "p95": 12014.71999999999,
    "p99": 15742.719999999985,
    "mean": 3767.8139284625036
  },
  "decomposition_ms_mean": {
    "routing": 0.22,
    "queueing": 3718.6777066666637,
    "compute_prefill": 38.34344,
    "compute_decode": 770.0,
    "network": 10.5,
    "kv_transport": 0.9479629939199999
  },
  "kv": {
    "transport_bytes_total": 22070427648,
    "reuse_available_blocks": 92954,
    "reuse_captured_blocks": 92454,
    "capture_rate_micro": 0.994620995331024,
    "capture_rate_macro": 0.994552791103633,
    "capture_rate": 0.994620995331024,
    "hit_rate": 0.877
  },
  "load": {
    "per_pod_busy_ms": {
      "p0": 406888.4399999998,
      "p1": 413439.03999999986,
      "p2": 396407.0399999999,
      "p3": 399952.3599999999
    },
    "skew": 0.04214050404120295
  },
  "migrations": 0
}