{
  "rtt_weight": 1.1190255312606117,
  "prefill_weight": 1.1057483550949103,
  "load_weight": 1.4462402382071315
}