{
  "n": 2000,
  "latency_ms": {
    "p50": 7136.719999999996,
    "p95": 16384.719999999987,
    "p99": 17464.719999999987,
    "mean": 7687.576610482341
  },
  "ttft_ms": {
    "p50": 6366.719999999996,
    "p95": 15614.719999999987,
    "p99": 16694.719999999987,
    "mean": 6917.576610482341
  },
  "decomposition_ms_mean": {
    "routing": 0.22,
    "queueing": 6835.858626666661,
    "compute_prefill": 69.74568000000001,
    "compute_decode": 770.0,
    "network": 10.5,
    "kv_transport": 14.72105688704
  },
  "kv": {
    "transport_bytes_total": 232571011072,
    "reuse_available_blocks": 43720,
    "reuse_captured_blocks": 43388,
    "capture_rate_micro": 0.9924062214089662,
    "capture_rate_macro": 0.9861585259103641,
    "capture_rate": 0.9924062214089662,
    "hit_rate": 0.436
  },
  "load": {
    "per_pod_busy_ms": {
      "p0": 408003.39999999944,
      "p1": 421025.3200000006,
      "p2": 422781.8400000001,
      "p3": 427680.7999999997
    },
    "skew": 0.04686514136041821
  },
  "migrations": 1502
}