{
  "n": 2000,
  "latency_ms": {
    "p50": 5128.719999999997,
    "p95": 15664.719999999987,
    "p99": 17152.719999999987,
    "mean": 5967.862040733009
  },
  "ttft_ms": {
    "p50": 4358.719999999997,
    "p95": 14894.719999999987,
    "p99": 16382.719999999985,
    "mean": 5197.862040733009
  },
  "decomposition_ms_mean": {
    "routing": 0.22,
    "queueing": 5133.451133333329,
    "compute_prefill": 52.740880000000004,
    "compute_decode": 770.0,
    "network": 10.5,
    "kv_transport": 11.0429318592
  },
  "kv": {
    "transport_bytes_total": 225526546432,
    "reuse_available_blocks": 70214,
    "reuse_captured_blocks": 69958,
    "capture_rate_micro": 0.9963540034750904,
    "capture_rate_macro": 0.9942556090593395,
    "capture_rate": 0.9963540034750904,
    "hit_rate": 0.6705
  },
  "load": {
    "per_pod_busy_ms": {
      "p0": 418155.3200000005,
      "p1": 413968.11999999953,
      "p2": 407016.15999999957,
      "p3": 406342.1600000001
    },
    "skew": 0.02871659908281301
  },
  "migrations": 1455
}