{
  "n": 2000,
  "latency_ms": {
    "p50": 2736.7199999999984,
    "p95": 12224.71999999999,
    "p99": 16576.719999999987,
    "mean": 4297.888005921277
  },
  "ttft_ms": {
    "p50": 1966.7199999999984,
    "p95": 11454.71999999999,
    "p99": 15806.719999999987,
    "mean": 3527.888005921277
  },
  "decomposition_ms_mean": {
    "routing": 0.22,
    "queueing": 3478.714799999997,
    "compute_prefill": 38.38888,
    "compute_decode": 770.0,
    "network": 10.5,
    "kv_transport": 0.8436670016
  },
  "kv": {
    "transport_bytes_total": 20237516800,
    "reuse_available_blocks": 92718,
    "reuse_captured_blocks": 92383,
    "capture_rate_micro": 0.9963868935913199,
    "capture_rate_macro": 0.9962034927866363,
    "capture_rate": 0.9963868935913199,
    "hit_rate": 0.8765
  },
  "load": {
    "per_pod_busy_ms": {
      "p0": 275928.28,
      "p1": 337172.7199999998,
      "p2": 505800.07999999996,
      "p3": 497876.67999999976
    },
    "skew": 0.5687158883234514
  },
  "migrations": 0
}