{
  "n": 2000,
  "latency_ms": {
    "p50": 4136.7199999999975,
    "p95": 15136.719999999987,
    "p99": 17152.719999999987,
    "mean": 5279.58487596117
  },
  "ttft_ms": {
    "p50": 3366.719999999997,
    "p95": 14366.719999999987,
    "p99": 16382.719999999985,
    "mean": 4509.58487596117
  },
  "decomposition_ms_mean": {
    "routing": 0.22,
    "queueing": 4449.68073333333,
    "compute_prefill": 49.03848,
    "compute_decode": 770.0,
    "network": 10.5,
    "kv_transport": 1.6760681420799999
  },
  "kv": {
    "transport_bytes_total": 39250296832,
    "reuse_available_blocks": 76317,
    "reuse_captured_blocks": 75743,
    "capture_rate_micro": 0.9924787399924001,
    "capture_rate_macro": 0.9899730798640846,
    "capture_rate": 0.9924787399924001,
    "hit_rate": 0.7275
  },
  "load": {
    "per_pod_busy_ms": {
      "p0": 189760.23999999996,
      "p1": 422407.7999999998,
      "p2": 571718.88,
      "p3": 454190.04000000027
    },
    "skew": 0.9327001095235478
  },
  "migrations": 0
}