{
  "n": 2000,
  "latency_ms": {
    "p50": 4424.719999999997,
    "p95": 15192.719999999988,
    "p99": 17096.719999999987,
    "mean": 5442.345277666556
  },
  "ttft_ms": {
    "p50": 3654.7199999999966,
    "p95": 14422.719999999988,
    "p99": 16326.719999999985,
    "mean": 4672.345277666556
  },
  "decomposition_ms_mean": {
    "routing": 0.22,
    "queueing": 4612.542299999996,
    "compute_prefill": 48.9412,
    "compute_decode": 770.0,
    "network": 10.5,
    "kv_transport": 1.77611485568
  },
  "kv": {
    "transport_bytes_total": 41966108672,
    "reuse_available_blocks": 76406,
    "reuse_captured_blocks": 75895,
    "capture_rate_micro": 0.9933120435567887,
    "capture_rate_macro": 0.9934021950513845,
    "capture_rate": 0.9933120435567887,
    "hit_rate": 0.732
  },
  "load": {
    "per_pod_busy_ms": {
      "p0": 410103.6000000002,
      "p1": 428682.2799999996,
      "p2": 398113.5599999997,
      "p3": 400982.95999999996
    },
    "skew": 0.07465424868110171
  },
  "migrations": 0
}