{
  "n": 2000,
  "latency_ms": {
    "p50": 4080.719999999997,
    "p95": 15104.719999999988,
    "p99": 17104.719999999987,
    "mean": 5264.2275297932765
  },
  "ttft_ms": {
    "p50": 3310.719999999997,
    "p95": 14334.719999999988,
    "p99": 16334.719999999987,
    "mean": 4494.2275297932765
  },
  "decomposition_ms_mean": {
    "routing": 0.22,
    "queueing": 4434.286059999997,
    "compute_prefill": 49.0756,
    "compute_decode": 770.0,
    "network": 10.5,
    "kv_transport": 1.68284348416
  },
  "kv": {
    "transport_bytes_total": 39910899712,
    "reuse_available_blocks": 76221,
    "reuse_captured_blocks": 75685,
    "capture_rate_micro": 0.9929678172682069,
    "capture_rate_macro": 0.991449061938973,
    "capture_rate": 0.9929678172682069,
    "hit_rate": 0.7285
  },
  "load": {
    "per_pod_busy_ms": {
      "p0": 460276.9599999998,
      "p1": 333501.68000000017,
      "p2": 464153.44,
      "p3": 380219.12000000005
    },
    "skew": 0.3190224687440325
  },
  "migrations": 0
}