{
  "n": 2000,
  "latency_ms": {
    "p50": 3224.719999999998,
    "p95": 12504.71999999999,
    "p99": 16576.719999999987,
    "mean": 4526.710114263037
  },
  "ttft_ms": {
    "p50": 2454.719999999998,
    "p95": 11734.71999999999,
    "p99": 15806.719999999987,
    "mean": 3756.7101142630368
  },
  "decomposition_ms_mean": {
    "routing": 0.22,
    "queueing": 3707.6772799999967,
    "compute_prefill": 38.24232,
    "compute_decode": 770.0,
    "network": 10.5,
    "kv_transport": 0.8756048512
  },
  "kv": {
    "transport_bytes_total": 20564672512,
    "reuse_available_blocks": 92806,
    "reuse_captured_blocks": 92612,
    "capture_rate_micro": 0.997909617912635,
    "capture_rate_macro": 0.9976105684439017,
    "capture_rate": 0.997909617912635,
    "hit_rate": 0.877
  },
  "load": {
    "per_pod_busy_ms": {
      "p0": 196539.91999999998,
      "p1": 287535.7599999997,
      "p2": 343359.9600000001,
      "p3": 789049.0000000002
    },
    "skew": 1.4661669287497845
  },
  "migrations": 0
}