{
  "n": 2000,
  "latency_ms": {
    "p50": 4528.7199999999975,
    "p95": 15480.719999999987,
    "p99": 17152.719999999987,
    "mean": 5574.698786874449
  },
  "ttft_ms": {
    "p50": 3758.719999999997,
    "p95": 14710.719999999987,
    "p99": 16382.719999999985,
    "mean": 4804.698786874449
  },
  "decomposition_ms_mean": {
    "routing": 0.22,
    "queueing": 4744.65867333333,
    "compute_prefill": 49.1684,
    "compute_decode": 770.0,
    "network": 10.5,
    "kv_transport": 1.68059467392
  },
  "kv": {
    "transport_bytes_total": 39021707264,
    "reuse_available_blocks": 76080,
    "reuse_captured_blocks": 75540,
    "capture_rate_micro": 0.9929022082018928,
    "capture_rate_macro": 0.9913012417875618,
    "capture_rate": 0.9929022082018928,
    "hit_rate": 0.726
  },
  "load": {
    "per_pod_busy_ms": {
      "p0": 547352.4799999997,
      "p1": 248858.12000000017,
      "p2": 545076.1599999999,
      "p3": 297050.0399999998
    },
    "skew": 0.7287741079856099
  },
  "migrations": 0
}