{
  "n": 2841,
  "latency_ms": {
    "p50": 2176.7199999999993,
    "p95": 5424.719999999997,
    "p99": 17000.719999999987,
    "mean": 3025.7834189839245
  },
  "ttft_ms": {
    "p50": 638.7199999999995,
    "p95": 3886.7199999999966,
    "p99": 15462.719999999988,
    "mean": 1487.7834189839245
  },
  "decomposition_ms_mean": {
    "routing": 0.22,
    "queueing": 1462.0641229613973,
    "compute_prefill": 14.999296022527279,
    "compute_decode": 1538.0,
    "network": 10.5,
    "kv_transport": 0.002630068848996832
  },
  "kv": {
    "transport_bytes_total": 73400320,
    "reuse_available_blocks": 209,
    "reuse_captured_blocks": 209,
    "capture_rate_micro": 1.0,
    "capture_rate_macro": 1.0,
    "capture_rate": 1.0,
    "hit_rate": 0.013727560718057022
  },
  "load": {
    "per_pod_busy_ms": {
      "p0": 910475.4800000001,
      "p1": 1326224.8800000006,
      "p2": 1762554.12,
      "p3": 412816.5199999997
    },
    "skew": 1.2236771348421185
  },
  "migrations": 0
}