{
  "n": 2841,
  "latency_ms": {
    "p50": 2144.7199999999993,
    "p95": 4896.7199999999975,
    "p99": 13736.719999999988,
    "mean": 2749.5275750562187
  },
  "ttft_ms": {
    "p50": 606.7199999999996,
    "p95": 3358.7199999999975,
    "p99": 12198.719999999988,
    "mean": 1211.5275750562187
  },
  "decomposition_ms_mean": {
    "routing": 0.22,
    "queueing": 1185.8110806054196,
    "compute_prefill": 14.994340021119324,
    "compute_decode": 1538.0,
    "network": 10.5,
    "kv_transport": 0.013068602661034847
  },
  "kv": {
    "transport_bytes_total": 369098752,
    "reuse_available_blocks": 220,
    "reuse_captured_blocks": 220,
    "capture_rate_micro": 1.0,
    "capture_rate_macro": 1.0,
    "capture_rate": 1.0,
    "hit_rate": 0.017599436818021823
  },
  "load": {
    "per_pod_busy_ms": {
      "p0": 1262652.880000001,
      "p1": 1065426.4400000004,
      "p2": 1367808.000000001,
      "p3": 716169.5999999992
    },
    "skew": 0.5907796855893704
  },
  "migrations": 0
}