{
  "n": 2000,
  "latency_ms": {
    "p50": 3521.3177497599977,
    "p95": 13048.71999999999,
    "p99": 16528.719999999987,
    "mean": 4703.3448349713035
  },
  "ttft_ms": {
    "p50": 2751.3177497599977,
    "p95": 12278.71999999999,
    "p99": 15758.719999999985,
    "mean": 3933.3448349713035
  },
  "decomposition_ms_mean": {
    "routing": 0.22,
    "queueing": 3880.1423866666632,
    "compute_prefill": 39.63048,
    "compute_decode": 770.0,
    "network": 10.5,
    "kv_transport": 13.86526868608
  },
  "kv": {
    "transport_bytes_total": 224641810432,
    "reuse_available_blocks": 90527,
    "reuse_captured_blocks": 90443,
    "capture_rate_micro": 0.9990721000364532,
    "capture_rate_macro": 0.9979641706559289,
    "capture_rate": 0.9990721000364532,
    "hit_rate": 0.8545
  },
  "load": {
    "per_pod_busy_ms": {
      "p0": 422038.35999999987,
      "p1": 412668.48000000016,
      "p2": 391555.7199999996,
      "p3": 392998.40000000014
    },
    "skew": 0.07530012951093504
  },
  "migrations": 1474
}