{
  "n": 2000,
  "latency_ms": {
    "p50": 5128.719999999997,
    "p95": 15696.719999999987,
    "p99": 17200.719999999987,
    "mean": 5987.370090453329
  },
  "ttft_ms": {
    "p50": 4358.719999999997,
    "p95": 14926.719999999987,
    "p99": 16430.719999999987,
    "mean": 5217.370090453329
  },
  "decomposition_ms_mean": {
    "routing": 0.22,
    "queueing": 5151.942053333329,
    "compute_prefill": 52.59368,
    "compute_decode": 770.0,
    "network": 10.5,
    "kv_transport": 14.49973472128
  },
  "kv": {
    "transport_bytes_total": 232958328832,
    "reuse_available_blocks": 70432,
    "reuse_captured_blocks": 70188,
    "capture_rate_micro": 0.9965356656065425,
    "capture_rate_macro": 0.9921054781492608,
    "capture_rate": 0.9965356656065425,
    "hit_rate": 0.671
  },
  "load": {
    "per_pod_busy_ms": {
      "p0": 402646.4399999999,
      "p1": 400785.9999999996,
      "p2": 418464.4800000003,
      "p3": 423290.43999999994
    },
    "skew": 0.05471581060530481
  },
  "migrations": 1512
}