{
  "n": 2000,
  "latency_ms": {
    "p50": 3168.719999999998,
    "p95": 12192.71999999999,
    "p99": 16512.719999999987,
    "mean": 4450.952662844584
  },
  "ttft_ms": {
    "p50": 2398.719999999998,
    "p95": 11422.71999999999,
    "p99": 15742.719999999985,
    "mean": 3680.9526628445838
  },
  "decomposition_ms_mean": {
    "routing": 0.22,
    "queueing": 3632.7611066666636,
    "compute_prefill": 37.466,
    "compute_decode": 770.0,
    "network": 10.5,
    "kv_transport": 0.09572634624
  },
  "kv": {
    "transport_bytes_total": 2313158656,
    "reuse_available_blocks": 93887,
    "reuse_captured_blocks": 93825,
    "capture_rate_micro": 0.9993396316848978,
    "capture_rate_macro": 0.9992851768246802,
    "capture_rate": 0.9993396316848978,
    "hit_rate": 0.8855
  },
  "load": {
    "per_pod_busy_ms": {
      "p0": 425623.9599999999,
      "p1": 419713.9199999999,
      "p2": 379580.36,
      "p3": 390013.7599999998
    },
    "skew": 0.11404467804217126
  },
  "migrations": 0
}