{
  "n": 2000,
  "latency_ms": {
    "p50": 3216.719999999998,
    "p95": 12808.71999999999,
    "p99": 16576.719999999987,
    "mean": 4535.165363878824
  },
  "ttft_ms": {
    "p50": 2446.719999999998,
    "p95": 12038.71999999999,
    "p99": 15806.719999999987,
    "mean": 3765.1653638788234
  },
  "decomposition_ms_mean": {
    "routing": 0.22,
    "queueing": 3715.7052066666633,
    "compute_prefill": 38.67368,
    "compute_decode": 770.0,
    "network": 10.5,
    "kv_transport": 0.78788607488
  },
  "kv": {
    "transport_bytes_total": 18574475264,
    "reuse_available_blocks": 92239,
    "reuse_captured_blocks": 91938,
    "capture_rate_micro": 0.9967367382560522,
    "capture_rate_macro": 0.9958994634161671,
    "capture_rate": 0.9967367382560522,
    "hit_rate": 0.873
  },
  "load": {
    "per_pod_busy_ms": {
      "p0": 509169.79999999935,
      "p1": 97487.72000000002,
      "p2": 572177.1600000001,
      "p3": 438512.6799999997
    },
    "skew": 1.1739950285014848
  },
  "migrations": 0
}