{
  "n": 2000,
  "latency_ms": {
    "p50": 3056.7199999999984,
    "p95": 12504.71999999999,
    "p99": 16432.719999999987,
    "mean": 4414.9257634743435
  },
  "ttft_ms": {
    "p50": 2286.7199999999984,
    "p95": 11734.71999999999,
    "p99": 15662.719999999987,
    "mean": 3644.9257634743435
  },
  "decomposition_ms_mean": {
    "routing": 0.22,
    "queueing": 3595.8276066666635,
    "compute_prefill": 38.31336,
    "compute_decode": 770.0,
    "network": 10.5,
    "kv_transport": 0.88483848448
  },
  "kv": {
    "transport_bytes_total": 21453864960,
    "reuse_available_blocks": 93104,
    "reuse_captured_blocks": 92501,
    "capture_rate_micro": 0.9935233717133528,
    "capture_rate_macro": 0.9940192278799811,
    "capture_rate": 0.9935233717133528,
    "hit_rate": 0.8785
  },
  "load": {
    "per_pod_busy_ms": {
      "p0": 424747.11999999994,
      "p1": 413754.5599999996,
      "p2": 399963.24000000005,
      "p3": 378161.8
    },
    "skew": 0.11526549554989407
  },
  "migrations": 0
}