{
  "n": 2000,
  "latency_ms": {
    "p50": 6184.719999999996,
    "p95": 16112.719999999985,
    "p99": 17352.719999999987,
    "mean": 6918.759181026128
  },
  "ttft_ms": {
    "p50": 5414.719999999996,
    "p95": 15342.719999999985,
    "p99": 16582.719999999987,
    "mean": 6148.759181026128
  },
  "decomposition_ms_mean": {
    "routing": 0.22,
    "queueing": 6074.506053333328,
    "compute_prefill": 63.27976,
    "compute_decode": 770.0,
    "network": 10.5,
    "kv_transport": 2.53664552448
  },
  "kv": {
    "transport_bytes_total": 58053361664,
    "reuse_available_blocks": 54331,
    "reuse_captured_blocks": 53491,
    "capture_rate_micro": 0.9845392133404502,
    "capture_rate_macro": 0.9810649108593373,
    "capture_rate": 0.9845392133404502,
    "hit_rate": 0.5405
  },
  "load": {
    "per_pod_busy_ms": {
      "p0": 329054.56,
      "p1": 305529.5599999998,
      "p2": 262667.19999999995,
      "p3": 769308.2000000003
    },
    "skew": 1.216016575273592
  },
  "migrations": 0
}