{
  "n": 2000,
  "latency_ms": {
    "p50": 4240.7199999999975,
    "p95": 15288.719999999988,
    "p99": 17104.719999999987,
    "mean": 5322.177616170236
  },
  "ttft_ms": {
    "p50": 3470.719999999997,
    "p95": 14518.719999999988,
    "p99": 16334.719999999987,
    "mean": 4552.177616170236
  },
  "decomposition_ms_mean": {
    "routing": 0.22,
    "queueing": 4491.750019999996,
    "compute_prefill": 49.5844,
    "compute_decode": 770.0,
    "network": 10.5,
    "kv_transport": 1.5785541248
  },
  "kv": {
    "transport_bytes_total": 37413191680,
    "reuse_available_blocks": 75604,
    "reuse_captured_blocks": 74890,
    "capture_rate_micro": 0.9905560552351728,
    "capture_rate_macro": 0.9889918455168004,
    "capture_rate": 0.9905560552351728,
    "hit_rate": 0.72
  },
  "load": {
    "per_pod_busy_ms": {
      "p0": 192323.88000000003,
      "p1": 375983.8799999998,
      "p2": 697364.6400000002,
      "p3": 373496.40000000026
    },
    "skew": 1.2324313639937514
  },
  "migrations": 0
}