{
  "n": 2000,
  "latency_ms": {
    "p50": 844.7733333333333,
    "p95": 1038.24,
    "p99": 1249.68,
    "mean": 870.3577494024534
  },
  "ttft_ms": {
    "p50": 74.77333333333333,
    "p95": 268.24,
    "p99": 479.68000000000006,
    "mean": 100.35774940245334
  },
  "decomposition_ms_mean": {
    "routing": 0.22,
    "queueing": 35.76885333333333,
    "compute_prefill": 52.94888,
    "compute_decode": 770.0,
    "network": 10.5,
    "kv_transport": 11.256086826239999
  },
  "kv": {
    "transport_bytes_total": 248296636416,
    "reuse_available_blocks": 69875,
    "reuse_captured_blocks": 69633,
    "capture_rate_micro": 0.9965366726296959,
    "capture_rate_macro": 0.9943170719641048,
    "capture_rate": 0.9965366726296959,
    "hit_rate": 0.668
  },
  "load": {
    "per_pod_busy_ms": {
      "p0": 416253.88000000006,
      "p1": 399747.7599999998,
      "p2": 421218.9199999997,
      "p3": 408677.2000000001
    },
    "skew": 0.05218102976214007
  },
  "migrations": 1542
}