{
  "n": 2000,
  "latency_ms": {
    "p50": 845.48,
    "p95": 959.0133333333333,
    "p99": 999.5466666666666,
    "mean": 853.7253734429867
  },
  "ttft_ms": {
    "p50": 75.47999999999999,
    "p95": 189.01333333333332,
    "p99": 229.54666666666668,
    "mean": 83.72537344298667
  },
  "decomposition_ms_mean": {
    "routing": 0.22,
    "queueing": 9.291006666666666,
    "compute_prefill": 63.526160000000004,
    "compute_decode": 770.0,
    "network": 10.5,
    "kv_transport": 2.3761425420799998
  },
  "kv": {
    "transport_bytes_total": 56792973312,
    "reuse_available_blocks": 54466,
    "reuse_captured_blocks": 53106,
    "capture_rate_micro": 0.9750302941284471,
    "capture_rate_macro": 0.973135315610584,
    "capture_rate": 0.9750302941284471,
    "hit_rate": 0.542
  },
  "load": {
    "per_pod_busy_ms": {
      "p0": 533113.3599999998,
      "p1": 451872.5999999996,
      "p2": 381684.7599999998,
      "p3": 300381.6000000002
    },
    "skew": 0.5584270084576581
  },
  "migrations": 0
}