{
  "n": 2000,
  "latency_ms": {
    "p50": 3336.7199999999975,
    "p95": 12752.719999999988,
    "p99": 16512.719999999987,
    "mean": 4562.975489867944
  },
  "ttft_ms": {
    "p50": 2566.7199999999975,
    "p95": 11982.719999999988,
    "p99": 15742.719999999985,
    "mean": 3792.9754898679435
  },
  "decomposition_ms_mean": {
    "routing": 0.22,
    "queueing": 3743.8935866666634,
    "compute_prefill": 38.282000000000004,
    "compute_decode": 770.0,
    "network": 10.5,
    "kv_transport": 0.88241242112
  },
  "kv": {
    "transport_bytes_total": 20476592128,
    "reuse_available_blocks": 93067,
    "reuse_captured_blocks": 92550,
    "capture_rate_micro": 0.9944448623035018,
    "capture_rate_macro": 0.994971509994288,
    "capture_rate": 0.9944448623035018,
    "hit_rate": 0.8785
  },
  "load": {
    "per_pod_busy_ms": {
      "p0": 386107.28,
      "p1": 400419.0000000004,
      "p2": 438479.0799999998,
      "p3": 391558.6399999995
    },
    "skew": 0.12958794084242817
  },
  "migrations": 0
}