{
  "n": 2000,
  "latency_ms": {
    "p50": 3928.719999999997,
    "p95": 14984.719999999987,
    "p99": 17032.719999999987,
    "mean": 5125.9061292339165
  },
  "ttft_ms": {
    "p50": 3158.719999999997,
    "p95": 14214.719999999987,
    "p99": 16262.719999999987,
    "mean": 4355.9061292339165
  },
  "decomposition_ms_mean": {
    "routing": 0.22,
    "queueing": 4295.903639999997,
    "compute_prefill": 49.16392,
    "compute_decode": 770.0,
    "network": 10.5,
    "kv_transport": 1.63164738048
  },
  "kv": {
    "transport_bytes_total": 38635831296,
    "reuse_available_blocks": 76399,
    "reuse_captured_blocks": 75547,
    "capture_rate_micro": 0.988848021570963,
    "capture_rate_macro": 0.9858890154953952,
    "capture_rate": 0.988848021570963,
    "hit_rate": 0.732
  },
  "load": {
    "per_pod_busy_ms": {
      "p0": 420690.24,
      "p1": 491012.5599999996,
      "p2": 406870.1199999999,
      "p3": 319754.91999999987
    },
    "skew": 0.41812788824976516
  },
  "migrations": 0
}