{
  "n": 2000,
  "latency_ms": {
    "p50": 4072.719999999997,
    "p95": 15016.719999999988,
    "p99": 17096.719999999987,
    "mean": 5211.116707046396
  },
  "ttft_ms": {
    "p50": 3302.719999999997,
    "p95": 14246.719999999988,
    "p99": 16326.719999999985,
    "mean": 4441.116707046396
  },
  "decomposition_ms_mean": {
    "routing": 0.22,
    "queueing": 4381.187359999996,
    "compute_prefill": 49.06536,
    "compute_decode": 770.0,
    "network": 10.5,
    "kv_transport": 1.6902088767999999
  },
  "kv": {
    "transport_bytes_total": 40061894656,
    "reuse_available_blocks": 76485,
    "reuse_captured_blocks": 75701,
    "capture_rate_micro": 0.9897496241093025,
    "capture_rate_macro": 0.9880936919526101,
    "capture_rate": 0.9897496241093025,
    "hit_rate": 0.7315
  },
  "load": {
    "per_pod_busy_ms": {
      "p0": 279947.2800000003,
      "p1": 548872.9599999998,
      "p2": 597163.9999999997,
      "p3": 212146.48000000004
    },
    "skew": 0.9401386966236728
  },
  "migrations": 0
}