{
  "n": 2000,
  "latency_ms": {
    "p50": 6360.719999999996,
    "p95": 16008.719999999987,
    "p99": 17336.71999999999,
    "mean": 6989.025566034768
  },
  "ttft_ms": {
    "p50": 5590.719999999996,
    "p95": 15238.719999999987,
    "p99": 16566.71999999999,
    "mean": 6219.025566034768
  },
  "decomposition_ms_mean": {
    "routing": 0.22,
    "queueing": 6145.025053333328,
    "compute_prefill": 63.04872,
    "compute_decode": 770.0,
    "network": 10.5,
    "kv_transport": 2.60893304704
  },
  "kv": {
    "transport_bytes_total": 60022587392,
    "reuse_available_blocks": 54585,
    "reuse_captured_blocks": 53852,
    "capture_rate_micro": 0.9865714023999267,
    "capture_rate_macro": 0.9830598046936011,
    "capture_rate": 0.9865714023999267,
    "hit_rate": 0.544
  },
  "load": {
    "per_pod_busy_ms": {
      "p0": 417659.8799999999,
      "p1": 434412.92000000033,
      "p2": 420883.0399999997,
      "p3": 393141.59999999974
    },
    "skew": 0.09908500909766861
  },
  "migrations": 0
}