{
  "n": 2000,
  "latency_ms": {
    "p50": 3472.7199999999975,
    "p95": 13104.71999999999,
    "p99": 16528.719999999987,
    "mean": 4692.020685249703
  },
  "ttft_ms": {
    "p50": 2702.7199999999975,
    "p95": 12334.71999999999,
    "p99": 15758.719999999985,
    "mean": 3922.0206852497035
  },
  "decomposition_ms_mean": {
    "routing": 0.22,
    "queueing": 3869.9155866666633,
    "compute_prefill": 39.84936,
    "compute_decode": 770.0,
    "network": 10.5,
    "kv_transport": 11.736127548159999
  },
  "kv": {
    "transport_bytes_total": 235453284352,
    "reuse_available_blocks": 90123,
    "reuse_captured_blocks": 90101,
    "capture_rate_micro": 0.9997558891736849,
    "capture_rate_macro": 0.9997609111458877,
    "capture_rate": 0.9997558891736849,
    "hit_rate": 0.852
  },
  "load": {
    "per_pod_busy_ms": {
      "p0": 403303.51999999967,
      "p1": 387500.5999999999,
      "p2": 429881.31999999995,
      "p3": 399013.28000000026
    },
    "skew": 0.10466321786066494
  },
  "migrations": 1539
}