{
  "n": 2000,
  "latency_ms": {
    "p50": 5896.719999999996,
    "p95": 15912.719999999985,
    "p99": 17280.719999999987,
    "mean": 6676.404632704848
  },
  "ttft_ms": {
    "p50": 5126.719999999996,
    "p95": 15142.719999999985,
    "p99": 16510.719999999987,
    "mean": 5906.404632704848
  },
  "decomposition_ms_mean": {
    "routing": 0.22,
    "queueing": 5831.827733333328,
    "compute_prefill": 63.643280000000004,
    "compute_decode": 770.0,
    "network": 10.5,
    "kv_transport": 2.36358569344
  },
  "kv": {
    "transport_bytes_total": 56157536256,
    "reuse_available_blocks": 54228,
    "reuse_captured_blocks": 52923,
    "capture_rate_micro": 0.9759349413587077,
    "capture_rate_macro": 0.9720538966081063,
    "capture_rate": 0.9759349413587077,
    "hit_rate": 0.5355
  },
  "load": {
    "per_pod_busy_ms": {
      "p0": 572207.6799999998,
      "p1": 276744.95999999996,
      "p2": 474202.3199999998,
      "p3": 344131.6
    },
    "skew": 0.708846882325975
  },
  "migrations": 0
}