{
  "n": 2000,
  "latency_ms": {
    "p50": 4072.719999999997,
    "p95": 14984.719999999987,
    "p99": 17048.719999999987,
    "mean": 5184.734023261436
  },
  "ttft_ms": {
    "p50": 3302.719999999997,
    "p95": 14214.719999999987,
    "p99": 16278.719999999987,
    "mean": 4414.734023261436
  },
  "decomposition_ms_mean": {
    "routing": 0.22,
    "queueing": 4355.107219999996,
    "compute_prefill": 48.76136,
    "compute_decode": 770.0,
    "network": 10.5,
    "kv_transport": 1.68357239552
  },
  "kv": {
    "transport_bytes_total": 39715864576,
    "reuse_available_blocks": 76809,
    "reuse_captured_blocks": 76176,
    "capture_rate_micro": 0.9917587782681717,
    "capture_rate_macro": 0.9900242825794964,
    "capture_rate": 0.9917587782681717,
    "hit_rate": 0.735
  },
  "load": {
    "per_pod_busy_ms": {
      "p0": 288910.7600000001,
      "p1": 463888.55999999965,
      "p2": 659702.9599999994,
      "p3": 225020.44
    },
    "skew": 1.0618051638391914
  },
  "migrations": 0
}