{
  "n": 2841,
  "latency_ms": {
    "p50": 2184.7199999999993,
    "p95": 5496.7199999999975,
    "p99": 17000.719999999987,
    "mean": 3044.2516444503003
  },
  "ttft_ms": {
    "p50": 646.7199999999996,
    "p95": 3958.719999999997,
    "p99": 15462.719999999988,
    "mean": 1506.2516444503003
  },
  "decomposition_ms_mean": {
    "routing": 0.22,
    "queueing": 1479.9857468027676,
    "compute_prefill": 15.006504751847942,
    "compute_decode": 1538.0,
    "network": 10.5,
    "kv_transport": 1.7667837729250264
  },
  "kv": {
    "transport_bytes_total": 32925941760,
    "reuse_available_blocks": 193,
    "reuse_captured_blocks": 193,
    "capture_rate_micro": 1.0,
    "capture_rate_macro": 1.0,
    "capture_rate": 1.0,
    "hit_rate": 0.015487504399859204
  },
  "load": {
    "per_pod_busy_ms": {
      "p0": 1046693.2800000011,
      "p1": 1046620.3199999996,
      "p2": 1193525.6800000006,
      "p3": 1125252.199999999
    },
    "skew": 0.13318432826329432
  },
  "migrations": 2208
}