{
  "n": 2841,
  "latency_ms": {
    "p50": 2144.7199999999993,
    "p95": 5208.719999999997,
    "p99": 15968.71999999999,
    "mean": 2813.0763252375914
  },
  "ttft_ms": {
    "p50": 606.7199999999996,
    "p95": 3670.7199999999966,
    "p99": 14430.71999999999,
    "mean": 1275.0763252375914
  },
  "decomposition_ms_mean": {
    "routing": 0.22,
    "queueing": 1249.3615346708896,
    "compute_prefill": 14.994790566701866,
    "compute_decode": 1538.0,
    "network": 10.5,
    "kv_transport": 0.004219854980640619
  },
  "kv": {
    "transport_bytes_total": 104857600,
    "reuse_available_blocks": 219,
    "reuse_captured_blocks": 219,
    "capture_rate_micro": 1.0,
    "capture_rate_macro": 1.0,
    "capture_rate": 1.0,
    "hit_rate": 0.017247448081661388
  },
  "load": {
    "per_pod_busy_ms": {
      "p0": 1147076.2,
      "p1": 1101621.0800000012,
      "p2": 1004556.96,
      "p3": 1158803.9600000002
    },
    "skew": 0.13984131034354913
  },
  "migrations": 0
}