{
  "n": 2841,
  "latency_ms": {
    "p50": 1557.6266666666668,
    "p95": 1605.4133333333334,
    "p99": 1787.0666666666666,
    "mean": 1569.8661672891517
  },
  "ttft_ms": {
    "p50": 19.626666666666665,
    "p95": 67.41333333333334,
    "p99": 249.06666666666666,
    "mean": 31.866167289151708
  },
  "decomposition_ms_mean": {
    "routing": 0.22,
    "queueing": 5.868792678634284,
    "compute_prefill": 14.99659274903203,
    "compute_decode": 1538.0,
    "network": 10.5,
    "kv_transport": 1.4055592080535022
  },
  "kv": {
    "transport_bytes_total": 34153431040,
    "reuse_available_blocks": 215,
    "reuse_captured_blocks": 215,
    "capture_rate_micro": 1.0,
    "capture_rate_macro": 1.0,
    "capture_rate": 1.0,
    "hit_rate": 0.01583949313621964
  },
  "load": {
    "per_pod_busy_ms": {
      "p0": 1125446.680000001,
      "p1": 1104099.96,
      "p2": 1107686.64,
      "p3": 1074830.0399999998
    },
    "skew": 0.045889314208664884
  },
  "migrations": 2141
}