{
  "n": 2841,
  "latency_ms": {
    "p50": 2184.7199999999993,
    "p95": 5496.7199999999975,
    "p99": 17000.719999999987,
    "mean": 3041.9208823184313
  },
  "ttft_ms": {
    "p50": 646.7199999999996,
    "p95": 3958.719999999997,
    "p99": 15462.719999999988,
    "mean": 1503.9208823184313
  },
  "decomposition_ms_mean": {
    "routing": 0.22,
    "queueing": 1478.2042895693992,
    "compute_prefill": 14.99659274903203,
    "compute_decode": 1538.0,
    "network": 10.5,
    "kv_transport": 0.002391518479408659
  },
  "kv": {
    "transport_bytes_total": 52428800,
    "reuse_available_blocks": 215,
    "reuse_captured_blocks": 215,
    "capture_rate_micro": 1.0,
    "capture_rate_macro": 1.0,
    "capture_rate": 1.0,
    "hit_rate": 0.01583949313621964
  },
  "load": {
    "per_pod_busy_ms": {
      "p0": 1189398.680000001,
      "p1": 1135208.4799999997,
      "p2": 996806.6399999997,
      "p3": 1090649.52
    },
    "skew": 0.17460496464497832
  },
  "migrations": 0
}