{
  "n": 2000,
  "latency_ms": {
    "p50": 6264.719999999996,
    "p95": 16112.719999999985,
    "p99": 17368.719999999987,
    "mean": 6991.944375525542
  },
  "ttft_ms": {
    "p50": 5494.719999999996,
    "p95": 15342.719999999985,
    "p99": 16598.719999999987,
    "mean": 6221.944375525542
  },
  "decomposition_ms_mean": {
    "routing": 0.22,
    "queueing": 6147.620866666662,
    "compute_prefill": 63.31944,
    "compute_decode": 770.0,
    "network": 10.5,
    "kv_transport": 2.60095438848
  },
  "kv": {
    "transport_bytes_total": 57646514176,
    "reuse_available_blocks": 54306,
    "reuse_captured_blocks": 53429,
    "capture_rate_micro": 0.9838507715537878,
    "capture_rate_macro": 0.9831860781084613,
    "capture_rate": 0.9838507715537878,
    "hit_rate": 0.5295
  },
  "load": {
    "per_pod_busy_ms": {
      "p0": 236548.07999999984,
      "p1": 640122.0000000001,
      "p2": 267329.6000000001,
      "p3": 522639.1999999997
    },
    "skew": 0.9685935563917729
  },
  "migrations": 0
}