{
  "n": 2000,
  "latency_ms": {
    "p50": 4592.719999999996,
    "p95": 15336.719999999987,
    "p99": 17104.719999999987,
    "mean": 5600.911648563196
  },
  "ttft_ms": {
    "p50": 3822.719999999996,
    "p95": 14566.719999999987,
    "p99": 16334.719999999987,
    "mean": 4830.911648563196
  },
  "decomposition_ms_mean": {
    "routing": 0.22,
    "queueing": 4770.758239999996,
    "compute_prefill": 49.295120000000004,
    "compute_decode": 770.0,
    "network": 10.5,
    "kv_transport": 1.6435786342399998
  },
  "kv": {
    "transport_bytes_total": 38117834752,
    "reuse_available_blocks": 76176,
    "reuse_captured_blocks": 75342,
    "capture_rate_micro": 0.9890516698172653,
    "capture_rate_macro": 0.9881630573945988,
    "capture_rate": 0.9890516698172653,
    "hit_rate": 0.727
  },
  "load": {
    "per_pod_busy_ms": {
      "p0": 426060.11999999965,
      "p1": 417317.6,
      "p2": 409538.2399999996,
      "p3": 385674.2800000003
    },
    "skew": 0.09858679495124867
  },
  "migrations": 0
}