{
  "n": 2000,
  "latency_ms": {
    "p50": 4424.719999999997,
    "p95": 15040.719999999987,
    "p99": 17048.719999999987,
    "mean": 5418.232230953809
  },
  "ttft_ms": {
    "p50": 3654.7199999999966,
    "p95": 14270.719999999987,
    "p99": 16278.719999999987,
    "mean": 4648.232230953809
  },
  "decomposition_ms_mean": {
    "routing": 0.22,
    "queueing": 4590.58829333333,
    "compute_prefill": 46.92328,
    "compute_decode": 770.0,
    "network": 10.5,
    "kv_transport": 0.1865745024
  },
  "kv": {
    "transport_bytes_total": 4519362560,
    "reuse_available_blocks": 79220,
    "reuse_captured_blocks": 79048,
    "capture_rate_micro": 0.9978288311032567,
    "capture_rate_macro": 0.9951483499488448,
    "capture_rate": 0.9978288311032567,
    "hit_rate": 0.759
  },
  "load": {
    "per_pod_busy_ms": {
      "p0": 472227.3199999999,
      "p1": 342050.72000000015,
      "p2": 429159.83999999985,
      "p3": 390408.6800000002
    },
    "skew": 0.3186996947865159
  },
  "migrations": 0
}