{
  "n": 2000,
  "latency_ms": {
    "p50": 5120.719999999996,
    "p95": 15784.719999999987,
    "p99": 17248.719999999987,
    "mean": 6079.986440150182
  },
  "ttft_ms": {
    "p50": 4350.719999999996,
    "p95": 15014.719999999987,
    "p99": 16478.719999999987,
    "mean": 5309.986440150182
  },
  "decomposition_ms_mean": {
    "routing": 0.22,
    "queueing": 5236.088666666662,
    "compute_prefill": 63.0052,
    "compute_decode": 770.0,
    "network": 10.5,
    "kv_transport": 2.36230133888
  },
  "kv": {
    "transport_bytes_total": 56444846080,
    "reuse_available_blocks": 55336,
    "reuse_captured_blocks": 53920,
    "capture_rate_micro": 0.9744108717652161,
    "capture_rate_macro": 0.9756741750343553,
    "capture_rate": 0.9744108717652161,
    "hit_rate": 0.5465
  },
  "load": {
    "per_pod_busy_ms": {
      "p0": 516368.64000000013,
      "p1": 617830.1200000003,
      "p2": 338951.92,
      "p3": 192859.72000000003
    },
    "skew": 1.0203307254264444
  },
  "migrations": 0
}