{
  "n": 2000,
  "latency_ms": {
    "p50": 3216.719999999998,
    "p95": 12392.71999999999,
    "p99": 16432.719999999987,
    "mean": 4489.161917451944
  },
  "ttft_ms": {
    "p50": 2446.719999999998,
    "p95": 11622.71999999999,
    "p99": 15662.719999999987,
    "mean": 3719.1619174519437
  },
  "decomposition_ms_mean": {
    "routing": 0.22,
    "queueing": 3670.9214266666636,
    "compute_prefill": 37.5172,
    "compute_decode": 770.0,
    "network": 10.5,
    "kv_transport": 0.08492447232
  },
  "kv": {
    "transport_bytes_total": 2053111808,
    "reuse_available_blocks": 93792,
    "reuse_captured_blocks": 93745,
    "capture_rate_micro": 0.9994988911634255,
    "capture_rate_macro": 0.9992061869309503,
    "capture_rate": 0.9994988911634255,
    "hit_rate": 0.884
  },
  "load": {
    "per_pod_busy_ms": {
      "p0": 392538.1599999998,
      "p1": 425016.6400000002,
      "p2": 380370.2800000002,
      "p3": 417109.31999999983
    },
    "skew": 0.11057686449279344
  },
  "migrations": 0
}