{
  "n": 2000,
  "latency_ms": {
    "p50": 3912.7199999999975,
    "p95": 14920.719999999987,
    "p99": 17032.719999999987,
    "mean": 5122.956154862503
  },
  "ttft_ms": {
    "p50": 3142.7199999999975,
    "p95": 14150.719999999987,
    "p99": 16262.719999999987,
    "mean": 4352.956154862503
  },
  "decomposition_ms_mean": {
    "routing": 0.22,
    "queueing": 4293.228766666663,
    "compute_prefill": 48.8836,
    "compute_decode": 770.0,
    "network": 10.5,
    "kv_transport": 1.6508279129599999
  },
  "kv": {
    "transport_bytes_total": 39027998720,
    "reuse_available_blocks": 76681,
    "reuse_captured_blocks": 75985,
    "capture_rate_micro": 0.9909234360532596,
    "capture_rate_macro": 0.9895682160953649,
    "capture_rate": 0.9909234360532596,
    "hit_rate": 0.737
  },
  "load": {
    "per_pod_busy_ms": {
      "p0": 289296.11999999976,
      "p1": 428284.43999999994,
      "p2": 300123.1999999997,
      "p3": 620063.4400000001
    },
    "skew": 0.8078494184033003
  },
  "migrations": 0
}