{
  "n": 2000,
  "latency_ms": {
    "p50": 811.4933333333333,
    "p95": 927.72,
    "p99": 1002.64,
    "mean": 840.9610585130666
  },
  "ttft_ms": {
    "p50": 41.49333333333334,
    "p95": 157.72,
    "p99": 232.64,
    "mean": 70.96105851306666
  },
  "decomposition_ms_mean": {
    "routing": 0.22,
    "queueing": 21.868546666666653,
    "compute_prefill": 38.303760000000004,
    "compute_decode": 770.0,
    "network": 10.5,
    "kv_transport": 0.8756659903999999
  },
  "kv": {
    "transport_bytes_total": 21107834880,
    "reuse_available_blocks": 93127,
    "reuse_captured_blocks": 92516,
    "capture_rate_micro": 0.9934390670804385,
    "capture_rate_macro": 0.9940502419911581,
    "capture_rate": 0.9934390670804385,
    "hit_rate": 0.879
  },
  "load": {
    "per_pod_busy_ms": {
      "p0": 524696.0000000001,
      "p1": 434716.79999999976,
      "p2": 372087.19999999995,
      "p3": 285107.52
    },
    "skew": 0.5928179277552789
  },
  "migrations": 0
}