{
  "n": 2000,
  "latency_ms": {
    "p50": 812.76,
    "p95": 919.64,
    "p99": 972.0266666666666,
    "mean": 826.6659118370134
  },
  "ttft_ms": {
    "p50": 42.76,
    "p95": 149.64000000000001,
    "p99": 202.02666666666664,
    "mean": 56.66591183701333
  },
  "decomposition_ms_mean": {
    "routing": 0.22,
    "queueing": 5.068773333333334,
    "compute_prefill": 39.93256,
    "compute_decode": 770.0,
    "network": 10.5,
    "kv_transport": 10.412068807679999
  },
  "kv": {
    "transport_bytes_total": 242309136384,
    "reuse_available_blocks": 90213,
    "reuse_captured_blocks": 89971,
    "capture_rate_micro": 0.9973174597896091,
    "capture_rate_macro": 0.9967295205878344,
    "capture_rate": 0.9973174597896091,
    "hit_rate": 0.8525
  },
  "load": {
    "per_pod_busy_ms": {
      "p0": 407308.87999999983,
      "p1": 369829.67999999993,
      "p2": 424882.1999999999,
      "p3": 417844.3600000001
    },
    "skew": 0.1359434667004867
  },
  "migrations": 1537
}