{
  "n": 2000,
  "latency_ms": {
    "p50": 1648.7199999999993,
    "p95": 11560.719999999988,
    "p99": 16432.719999999987,
    "mean": 3894.233546959357
  },
  "ttft_ms": {
    "p50": 878.7199999999992,
    "p95": 10790.719999999988,
    "p99": 15662.719999999987,
    "mean": 3124.233546959357
  },
  "decomposition_ms_mean": {
    "routing": 0.22,
    "queueing": 3074.9248799999973,
    "compute_prefill": 38.52328,
    "compute_decode": 770.0,
    "network": 10.5,
    "kv_transport": 0.8196788992
  },
  "kv": {
    "transport_bytes_total": 19767754752,
    "reuse_available_blocks": 92456,
    "reuse_captured_blocks": 92173,
    "capture_rate_micro": 0.9969390845375098,
    "capture_rate_macro": 0.9969573621133496,
    "capture_rate": 0.9969390845375098,
    "hit_rate": 0.873
  },
  "load": {
    "per_pod_busy_ms": {
      "p0": 373392.11999999976,
      "p1": 385920.51999999996,
      "p2": 314585.9599999999,
      "p3": 543147.9600000001
    },
    "skew": 0.5653813703422373
  },
  "migrations": 0
}