{
  "n": 2841,
  "latency_ms": {
    "p50": 2168.7199999999993,
    "p95": 5368.719999999997,
    "p99": 16248.719999999987,
    "mean": 2925.696951777542
  },
  "ttft_ms": {
    "p50": 630.7199999999996,
    "p95": 3830.7199999999966,
    "p99": 14710.719999999987,
    "mean": 1387.696951777542
  },
  "decomposition_ms_mean": {
    "routing": 0.22,
    "queueing": 1361.979457937345,
    "compute_prefill": 14.997493840197114,
    "compute_decode": 1538.0,
    "network": 10.5,
    "kv_transport": 0.0037020483491728264
  },
  "kv": {
    "transport_bytes_total": 96468992,
    "reuse_available_blocks": 213,
    "reuse_captured_blocks": 213,
    "capture_rate_micro": 1.0,
    "capture_rate_macro": 1.0,
    "capture_rate": 1.0,
    "hit_rate": 0.015135515663498769
  },
  "load": {
    "per_pod_busy_ms": {
      "p0": 1332478.64,
      "p1": 941137.6000000021,
      "p2": 345685.4400000001,
      "p3": 1792764.2000000014
    },
    "skew": 1.311928515446374
  },
  "migrations": 0
}