{
  "n": 2000,
  "latency_ms": {
    "p50": 2960.719999999998,
    "p95": 14312.719999999987,
    "p99": 17048.719999999987,
    "mean": 4672.2714552601565
  },
  "ttft_ms": {
    "p50": 2190.719999999998,
    "p95": 13542.719999999987,
    "p99": 16278.719999999987,
    "mean": 3902.271455260157
  },
  "decomposition_ms_mean": {
    "routing": 0.22,
    "queueing": 3842.532719999997,
    "compute_prefill": 48.8836,
    "compute_decode": 770.0,
    "network": 10.5,
    "kv_transport": 1.58548112512
  },
  "kv": {
    "transport_bytes_total": 38205915136,
    "reuse_available_blocks": 76344,
    "reuse_captured_blocks": 75985,
    "capture_rate_micro": 0.9952976003353243,
    "capture_rate_macro": 0.9950071755554663,
    "capture_rate": 0.9952976003353243,
    "hit_rate": 0.728
  },
  "load": {
    "per_pod_busy_ms": {
      "p0": 414975.63999999966,
      "p1": 480678.96,
      "p2": 390789.2800000001,
      "p3": 351323.31999999983
    },
    "skew": 0.31593169041363195
  },
  "migrations": 0
}